{"cameraMode":{"drawMode":0,"name":"Shaded","section":"Shading Mode"},"sceneLighting":false,"audioPlay":false,"sceneViewState":{"m_AlwaysRefresh":false,"showFog":true,"showSkybox":false,"showFlares":true,"showImageEffects":true,"showParticleSystems":true,"showVisualEffectGraphs":true,"m_FxEnabled":true},"in2DMode":false,"pivot":{"x":0.02237287163734436,"y":0.6009374856948853,"z":-0.09024417400360108},"rotation":{"x":0.0008243258926086128,"y":0.9990666508674622,"z":0.03717263042926788,"w":-0.022182922810316087},"size":1.4238932132720948,"orthographic":false}