{"cameraMode":{"drawMode":0,"name":"Shaded","section":"Shading Mode"},"sceneLighting":false,"audioPlay":false,"sceneViewState":{"m_AlwaysRefresh":false,"showFog":true,"showSkybox":false,"showFlares":true,"showImageEffects":true,"showParticleSystems":true,"showVisualEffectGraphs":true,"m_FxEnabled":true},"in2DMode":false,"pivot":{"x":-0.36273515224456789,"y":0.06187880411744118,"z":16.45174217224121},"rotation":{"x":-0.00012087067443644628,"y":0.9997971653938294,"z":0.0191887728869915,"w":0.006299381144344807},"size":1.3902193307876588,"orthographic":false}